SKU,status,Title,Remark
732926,1,Acti-Fast 2-Way Stretch Yellow Line 10.75CM X 5CM 1,
102992,0,Ysl Opium Body Lotion 200ML,
178425,1,Pretty Perfect Cuticle Revitalizer With Manicure Stick 2 5ML,Done
100468,0,Dentinox Teething Gel 10G,
100635,0,Listerine Mouth Wash Cool Mint Blue 500ML,
100980,0,Nivea Lotion Dry Skin White 250ML,
101577,0,Poligrip Denture Fixative Cream Ultra 40G,
101614,0,Fixodent Cream Complete Original Denture Fixative 40ML,
101908,0,Fortuna Soft Foam Neck Support Collar Small Ft-Sc-001 1 Pack,
101909,0,Fortuna Soft Foam Neck Support Collar Medium Fc-Sc-002 1 Pack,
103530,0,Jovan Musk Woman Cologne Spray 59ML,
105199,0,Colgate Mouth Rinse Fluorigard Daily Rinse 400ML,
105340,1,Colgate Tooth Paste Herbal Green 100ML,Done
105678,1,Carolina Herrera 212 Men Deodorant Spray 150ML,Done
106194,1,Nivea Shaving Foam Sensitive 200ML,Done
117144,1,Zips 6Pcs Pack Size 24CM Black For Trousers,Done
120301,1,Hat Thinsulate Hats Assorterd Colors 1 PC,Done
120719,1,Creative Max Hair Nets Black Item No 11037 3 Pcs,Done
121815,1,Hat Kids Peru Plain Hats Pre536,Done
135342,1,Cd Dvd Holder Lectrolite Zipped Folder 96 Cd Holder Item No 40130 1,Done
137032,1,Shoe Laces Pack 10 Pack Black & White (D12829/E),Done
155931,1,Gloves Ladies Feather Touch The Boutique Range 1 Pair,Done
159002,1,Brillo Bathroom And Toilet Spray 500ML,Done
168659,1,Paltas Bkc Powder Permanent Hair Colour Mahogany Brown 6G,Done
169882,1,Gloves Magic Neon Glitter Pre506 One Size Orange,Done
172961,1,Creative Max Hair Nets Medium Brown Item No 11039 3 Nets Per Pack,Done
175621,1,Gloves Neon Striped Keep Cosy Pre513 One Size 2 Pairs Fingerless Full Yellow,Done
185249,1,Creative Max Hair Nets Blonde Item No. 11041- 3 Nets Per Pack,Done
187570,1,Microwaveable Hot Water Bottle Wheat Body Warmer With Lavender. Shape -Item No-1/D17296/E 1 Pc,Done
188278,1,4Head Quickstrip Migraine 4 strips,Done
192332,1,Novofine 0 25MM X 6MM 31G Pen Needles 100,Done
197780,1,Spatula-Spoon - Kitchen Spatulas White 5PC Set Of 5,Done
205114,1,Nivea Sun Spray Moisturising 50+ 200ML,Done
229606,1,Gillette Shaving Foam Sensitive Skin 200ML,Done
232646,1,Germolene Wound Care Cream 30G,Done
240568,1,Daktarin Gold 2% Cream 15G,Done
252775,1,Impulse Deodorant Body Spray Truelove 75ML,Done
279934,1,Oral B Tooth Brush Electric Precision Clean Toothbrush Head 2+1 Extra,Done
367964,1,Charm Spray Starch & Easy Iron 10% Extra Free 330ML,Done
445618,1,Canestan Dual Action 1% W/W Cream Clotrimazole 15G,Done
453642,1,Salvatore Ferragamo Signorina Soap Kit 3X50GR,Done
607514,1,Humapen Luxura Savvio Grafhite 1,Done
614905,1,Disposable Shoe Clear Cap Cover 10 Pieces,Done
661893,0,Fashy Lady Slipper Black(Sevilla) V-Strap Mod-7722 Size 37/4.5 20,Image different
669208,1,Tubifast Garment - Socks One Size,Done
684999,1,Humapen Luxura Savvio Red 1,Done
692310,1,Canesten 500MG Soft Gel Pessary Clotrimazole 1 disp,Done
752205,1,Gloves Mens Polar Fleece 1,Done
643432,1,Activa Venous Leg Ulcer Kit Black Large,
400106,1,Dunhill Desire Blue Eau De Toilette Spray 100ML,
100105,1,Radian B Lotion - Pain Relfief 125ML,
489983,1,Paco Rabanne Fame Vegan Parfum Spray 30ML,
100555,0,Germolene Cream Antiseptic 30G,
101567,0,Grooming Tweezer Set Of 4 Tweezers For All Your Needs,
108330,N/A,Siemens N Multistix Sg Reagent Strips For Urinalysis 100Pack,
109190,0,Novofine Insuline Needle Removers 1 Per Pack,
109587,0,Napkin Euro Novelty Tissue Item No.90100,
122954,1,Adcal-D3 Dissolve 56 Tablets Calcium Carbonate 1500MG And Vitamin D3 400Iu Lemon Flavoured - Effervescent,
161197,0,Shoe & Shine Liquid Polish 3 Pack -Natural-Black & Brown Item No-D12834,
175467,1,Allevyn Gentle Border Lite Silicone Adhesive Border 15.2X13.1CM 10 Dressings,
183923,0,Creative Max Serenade 5 30MM Self Grip Rollers Itam Code 11106 1,
197642,1,Algisite Ag 10X20CM 5 Dressings,
226944,0,Eurosonic Continental Electric Travel Adaptor Plug For Travel To Europe 1 PC,
247710,1,Snowfire Ointment Stick 18G,
307082,0,Bronnley Soap Animal Herbie Hippopotamus Soap 1,
434835,1,David Beckham Beyond Forever After Shave Lotion - 60ML,
446089,1,Bioderma Photoderm 50+ Pediatrics Spray Frpm 12 Months 200ML,
446276,1,Narciso Rodriguez Bleu Noir Parfum Spray 100ML,
481767,N/A,Kenzo Flower Poppo Bouquet Eau De Parfum Florale Spray 50ML,
489235,1,Burberry London For Women Eau De Parfum Spray 50ML,
493198,N/A,Davidoff Champion Energy Eau de Toilette Spray - 50 ml,
496194,1,Qv Skin Lotion For Dry Skin Conditions 500ML,
643432,1,Activa Venous Leg Ulcer Kit Black Large,
679536,1,Kerrapro Heel Std,
414262,1,Beconase Hayfever Relief For Adults Nasal Spray 100 sprays,
